{
  "title": "temperature and humidity sensor",
  "image": null,
  "mobileHide": false,
  "mobileOrder": null,
  "configuration": {
    "description": "environmental monitoring",
    "widgets": {
      "2038a8c8-c1de-cc8e-9cb4-681f1f364b8c": {
        "isSystemType": true,
        "bundleAlias": "cards",
        "typeAlias": "attributes_card",
        "type": "latest",
        "title": "Attributes card",
        "sizeX": 15,
        "sizeY": 6,
        "row": 0,
        "col": 2,
        "config": {
          "datasources": [
            {
              "type": "entity",
              "entityAliasId": "7e83379b-491c-48b0-326d-fe31c8d98d98",
              "dataKeys": [
                {
                  "name": "Temperature",
                  "label": "Temperature",
                  "type": "timeseries",
                  "color": "#2196f3",
                  "settings": {},
                  "_hash": 0.5625170254067644
                }
              ]
            }
          ],
          "timewindow": {
            "displayValue": "",
            "selectedTab": 0,
            "realtime": {
              "realtimeType": 1,
              "interval": 1000,
              "timewindowMs": 60000,
              "quickInterval": "CURRENT_DAY"
            },
            "history": {
              "historyType": 0,
              "interval": 1000,
              "timewindowMs": 60000,
              "fixedTimewindow": {
                "startTimeMs": 1704353837676,
                "endTimeMs": 1704440237676
              },
              "quickInterval": "CURRENT_DAY"
            },
            "aggregation": {
              "type": "AVG",
              "limit": 25000
            }
          },
          "showTitle": true,
          "backgroundColor": "#fff",
          "color": "rgba(0, 0, 0, 0.87)",
          "padding": "8px",
          "settings": {},
          "title": "Attributes card"
        },
        "id": "2038a8c8-c1de-cc8e-9cb4-681f1f364b8c"
      },
      "0d40cdd1-7f2b-9958-eb4a-7d2db468b76f": {
        "isSystemType": true,
        "bundleAlias": "cards",
        "typeAlias": "attributes_card",
        "type": "latest",
        "title": "Attributes card",
        "sizeX": 15,
        "sizeY": 6,
        "row": 0,
        "col": 2,
        "config": {
          "datasources": [
            {
              "type": "entity",
              "entityAliasId": "7e83379b-491c-48b0-326d-fe31c8d98d98",
              "dataKeys": [
                {
                  "name": "Humidity",
                  "label": "Humidity",
                  "type": "timeseries",
                  "color": "#2196f3",
                  "settings": {},
                  "_hash": 0.23264622374537391
                }
              ]
            }
          ],
          "timewindow": {
            "displayValue": "",
            "selectedTab": 0,
            "realtime": {
              "realtimeType": 1,
              "interval": 1000,
              "timewindowMs": 60000,
              "quickInterval": "CURRENT_DAY"
            },
            "history": {
              "historyType": 0,
              "interval": 1000,
              "timewindowMs": 60000,
              "fixedTimewindow": {
                "startTimeMs": 1704353837676,
                "endTimeMs": 1704440237676
              },
              "quickInterval": "CURRENT_DAY"
            },
            "aggregation": {
              "type": "AVG",
              "limit": 25000
            }
          },
          "showTitle": true,
          "backgroundColor": "#fff",
          "color": "rgba(0, 0, 0, 0.87)",
          "padding": "8px",
          "settings": {},
          "title": "Attributes card"
        },
        "id": "0d40cdd1-7f2b-9958-eb4a-7d2db468b76f"
      },
      "e25882db-6586-ee3e-17d6-fd4436454018": {
        "isSystemType": true,
        "bundleAlias": "digital_gauges",
        "typeAlias": "digital_vertical_bar",
        "type": "latest",
        "title": "New widget",
        "image": null,
        "description": null,
        "sizeX": 2.5,
        "sizeY": 4.5,
        "config": {
          "datasources": [
            {
              "type": "entity",
              "name": null,
              "entityAliasId": "7e83379b-491c-48b0-326d-fe31c8d98d98",
              "filterId": null,
              "dataKeys": [
                {
                  "name": "Temperature",
                  "type": "timeseries",
                  "label": "Temperature",
                  "color": "#2196f3",
                  "settings": {},
                  "_hash": 0.0786086690517871
                }
              ]
            }
          ],
          "timewindow": {
            "displayValue": "",
            "selectedTab": 0,
            "realtime": {
              "realtimeType": 1,
              "interval": 1000,
              "timewindowMs": 60000,
              "quickInterval": "CURRENT_DAY"
            },
            "history": {
              "historyType": 0,
              "interval": 1000,
              "timewindowMs": 60000,
              "fixedTimewindow": {
                "startTimeMs": 1704353957033,
                "endTimeMs": 1704440357033
              },
              "quickInterval": "CURRENT_DAY"
            },
            "aggregation": {
              "type": "AVG",
              "limit": 25000
            }
          },
          "showTitle": false,
          "backgroundColor": "#000000",
          "color": "rgba(255, 254, 254, 0.87)",
          "padding": "0px",
          "settings": {
            "maxValue": 60,
            "donutStartAngle": 90,
            "showValue": true,
            "showMinMax": true,
            "gaugeWidthScale": 0.75,
            "levelColors": [
              "#3d5afe",
              "#f44336"
            ],
            "titleFont": {
              "family": "Roboto",
              "size": 12,
              "style": "normal",
              "weight": "500"
            },
            "labelFont": {
              "family": "Roboto",
              "size": 8,
              "style": "normal",
              "weight": "500"
            },
            "valueFont": {
              "family": "Segment7Standard",
              "style": "normal",
              "weight": "500",
              "size": 14
            },
            "minMaxFont": {
              "family": "Segment7Standard",
              "size": 8,
              "style": "normal",
              "weight": "normal",
              "color": "#cccccc"
            },
            "neonGlowBrightness": 20,
            "showUnitTitle": true,
            "gaugeColor": "#171a1c",
            "gaugeType": "verticalBar",
            "showTitle": false,
            "minValue": -60,
            "dashThickness": 1.2,
            "animation": true,
            "animationDuration": 500,
            "animationRule": "linear"
          },
          "title": "New Digital vertical bar",
          "dropShadow": true,
          "enableFullscreen": true,
          "titleStyle": {
            "fontSize": "16px",
            "fontWeight": 400
          },
          "widgetStyle": {},
          "useDashboardTimewindow": true,
          "showLegend": false,
          "actions": {}
        },
        "row": 0,
        "col": 0,
        "id": "e25882db-6586-ee3e-17d6-fd4436454018"
      },
      "8344af42-19bb-538a-38c7-ab8892d950dc": {
        "isSystemType": true,
        "bundleAlias": "digital_gauges",
        "typeAlias": "lcd_bar_gauge",
        "type": "latest",
        "title": "New widget",
        "image": null,
        "description": null,
        "sizeX": 2,
        "sizeY": 3.5,
        "config": {
          "datasources": [
            {
              "type": "entity",
              "name": null,
              "entityAliasId": "7e83379b-491c-48b0-326d-fe31c8d98d98",
              "filterId": null,
              "dataKeys": [
                {
                  "name": "Humidity",
                  "type": "timeseries",
                  "label": "Humidity",
                  "color": "#2196f3",
                  "settings": {},
                  "_hash": 0.9840563580949788
                }
              ]
            }
          ],
          "timewindow": {
            "displayValue": "",
            "selectedTab": 0,
            "realtime": {
              "realtimeType": 1,
              "interval": 1000,
              "timewindowMs": 60000,
              "quickInterval": "CURRENT_DAY"
            },
            "history": {
              "historyType": 0,
              "interval": 1000,
              "timewindowMs": 60000,
              "fixedTimewindow": {
                "startTimeMs": 1704354001578,
                "endTimeMs": 1704440401578
              },
              "quickInterval": "CURRENT_DAY"
            },
            "aggregation": {
              "type": "AVG",
              "limit": 25000
            }
          },
          "showTitle": false,
          "backgroundColor": "#babab2",
          "color": "rgba(0, 0, 0, 0.87)",
          "padding": "0px",
          "settings": {
            "maxValue": 100,
            "minValue": 0,
            "donutStartAngle": 90,
            "showValue": true,
            "showMinMax": true,
            "gaugeWidthScale": 0.75,
            "levelColors": [],
            "refreshAnimationType": "linear",
            "refreshAnimationTime": 700,
            "startAnimationType": "linear",
            "startAnimationTime": 700,
            "titleFont": {
              "family": "Roboto",
              "size": 12,
              "style": "normal",
              "weight": "500"
            },
            "labelFont": {
              "family": "Roboto",
              "size": 8,
              "style": "normal",
              "weight": "500"
            },
            "valueFont": {
              "family": "Roboto",
              "style": "normal",
              "weight": "400",
              "size": 16
            },
            "minMaxFont": {
              "family": "Segment7Standard",
              "size": 12,
              "style": "normal",
              "weight": "500"
            },
            "neonGlowBrightness": 0,
            "dashThickness": 1.5,
            "decimals": 0,
            "showUnitTitle": true,
            "defaultColor": "#444444",
            "gaugeType": "verticalBar",
            "units": "%"
          },
          "title": "New LCD bar gauge",
          "dropShadow": true,
          "enableFullscreen": true,
          "titleStyle": {
            "fontSize": "16px",
            "fontWeight": 400
          },
          "useDashboardTimewindow": true
        },
        "row": 0,
        "col": 0,
        "id": "8344af42-19bb-538a-38c7-ab8892d950dc"
      }
    },
    "states": {
      "default": {
        "name": "temperature and humidity sensor",
        "root": true,
        "layouts": {
          "main": {
            "widgets": {
              "2038a8c8-c1de-cc8e-9cb4-681f1f364b8c": {
                "sizeX": 7,
                "sizeY": 6,
                "row": 0,
                "col": 0
              },
              "0d40cdd1-7f2b-9958-eb4a-7d2db468b76f": {
                "sizeX": 7,
                "sizeY": 6,
                "row": 7,
                "col": 0
              },
              "e25882db-6586-ee3e-17d6-fd4436454018": {
                "sizeX": 5,
                "sizeY": 6,
                "row": 0,
                "col": 10
              },
              "8344af42-19bb-538a-38c7-ab8892d950dc": {
                "sizeX": 4,
                "sizeY": 6,
                "row": 7,
                "col": 10
              }
            },
            "gridSettings": {
              "backgroundColor": "#eeeeee",
              "columns": 24,
              "margin": 10,
              "backgroundSizeMode": "100%"
            }
          }
        }
      }
    },
    "entityAliases": {
      "7e83379b-491c-48b0-326d-fe31c8d98d98": {
        "id": "7e83379b-491c-48b0-326d-fe31c8d98d98",
        "alias": "temperature and humidity",
        "filter": {
          "type": "singleEntity",
          "resolveMultiple": false,
          "singleEntity": {
            "entityType": "DEVICE",
            "id": "e791a4f0-ab96-11ee-ae74-db5ae19db63f"
          }
        }
      }
    },
    "filters": {},
    "timewindow": {
      "displayValue": "",
      "hideInterval": false,
      "hideLastInterval": false,
      "hideQuickInterval": false,
      "hideAggregation": false,
      "hideAggInterval": false,
      "hideTimezone": false,
      "selectedTab": 0,
      "realtime": {
        "realtimeType": 0,
        "interval": 1000,
        "timewindowMs": 60000,
        "quickInterval": "CURRENT_DAY"
      },
      "history": {
        "historyType": 0,
        "interval": 1000,
        "timewindowMs": 60000,
        "fixedTimewindow": {
          "startTimeMs": 1704353202607,
          "endTimeMs": 1704439602607
        },
        "quickInterval": "CURRENT_DAY"
      },
      "aggregation": {
        "type": "AVG",
        "limit": 25000
      }
    },
    "settings": {
      "stateControllerId": "entity",
      "showTitle": false,
      "showDashboardsSelect": true,
      "showEntitiesSelect": true,
      "showDashboardTimewindow": true,
      "showDashboardExport": true,
      "toolbarAlwaysOpen": true
    }
  },
  "externalId": null,
  "name": "temperature and humidity sensor"
}