{
  "name": "temperature and humidity sensor",
  "description": "",
  "image": null,
  "type": "DEFAULT",
  "transportType": "DEFAULT",
  "provisionType": "DISABLED",
  "defaultRuleChainId": {
    "entityType": "RULE_CHAIN",
    "id": "6bbb39e0-aaec-11ee-ae74-db5ae19db63f"
  },
  "defaultDashboardId": null,
  "defaultQueueName": "HighPriority",
  "profileData": {
    "configuration": {
      "type": "DEFAULT"
    },
    "transportConfiguration": {
      "type": "DEFAULT"
    },
    "provisionConfiguration": {
      "type": "DISABLED",
      "provisionDeviceSecret": null
    },
    "alarms": null
  },
  "provisionDeviceKey": null,
  "firmwareId": null,
  "softwareId": null,
  "externalId": null,
  "default": false
}