{
  "name": "Temperature Sensor",
  "description": "",
  "image": null,
  "type": "DEFAULT",
  "transportType": "MQTT",
  "provisionType": "ALLOW_CREATE_NEW_DEVICES",
  "defaultRuleChainId": {
    "entityType": "RULE_CHAIN",
    "id": "3c21bd10-a607-11ee-9db5-1fb69bbe078f"
  },
  "defaultDashboardId": null,
  "defaultQueueName": null,
  "profileData": {
    "configuration": {
      "type": "DEFAULT"
    },
    "transportConfiguration": {
      "type": "MQTT",
      "deviceTelemetryTopic": "v1/devices/me/telemetry",
      "deviceAttributesTopic": "v1/devices/me/attributes",
      "deviceAttributesSubscribeTopic": "v1/devices/me/attributes",
      "transportPayloadTypeConfiguration": {
        "transportPayloadType": "JSON"
      },
      "sparkplug": false,
      "sparkplugAttributesMetricNames": [
        "Properties/*",
        "Device Control/*",
        "Node Control/*"
      ],
      "sendAckOnValidationException": false
    },
    "provisionConfiguration": {
      "type": "ALLOW_CREATE_NEW_DEVICES",
      "provisionDeviceSecret": "6mk6ixey9d8iemm2ll38"
    },
    "alarms": [
      {
        "id": "d52ebcb7-198e-932f-6e0e-a735f3898c94",
        "alarmType": "High Temperature",
        "createRules": {
          "CRITICAL": {
            "condition": {
              "condition": [
                {
                  "key": {
                    "type": "ATTRIBUTE",
                    "key": "temperatureAlarmFlag"
                  },
                  "valueType": "BOOLEAN",
                  "value": null,
                  "predicate": {
                    "type": "BOOLEAN",
                    "operation": "EQUAL",
                    "value": {
                      "defaultValue": true,
                      "userValue": null,
                      "dynamicValue": null
                    }
                  }
                },
                {
                  "key": {
                    "type": "TIME_SERIES",
                    "key": "temperature"
                  },
                  "valueType": "NUMERIC",
                  "value": null,
                  "predicate": {
                    "type": "NUMERIC",
                    "operation": "GREATER",
                    "value": {
                      "defaultValue": 30,
                      "userValue": null,
                      "dynamicValue": {
                        "sourceType": "CURRENT_DEVICE",
                        "sourceAttribute": "temperatureAlarmThreshold",
                        "inherit": false
                      }
                    }
                  }
                }
              ],
              "spec": {
                "type": "SIMPLE"
              }
            },
            "schedule": null,
            "alarmDetails": "Current temperature = ${temperature}",
            "dashboardId": null
          }
        },
        "clearRule": {
          "condition": {
            "condition": [
              {
                "key": {
                  "type": "TIME_SERIES",
                  "key": "temperature"
                },
                "valueType": "NUMERIC",
                "value": null,
                "predicate": {
                  "type": "NUMERIC",
                  "operation": "LESS_OR_EQUAL",
                  "value": {
                    "defaultValue": 0,
                    "userValue": null,
                    "dynamicValue": {
                      "sourceType": "CURRENT_DEVICE",
                      "sourceAttribute": "temperatureAlarmThreshold",
                      "inherit": false
                    }
                  }
                }
              }
            ],
            "spec": {
              "type": "SIMPLE"
            }
          },
          "schedule": null,
          "alarmDetails": null,
          "dashboardId": null
        },
        "propagate": false,
        "propagateToOwner": false,
        "propagateToOwnerHierarchy": false,
        "propagateToTenant": false,
        "propagateRelationTypes": null
      },
      {
        "id": "dc6ef091-8cf7-86b0-4760-e42b963db9cf",
        "alarmType": "Low Humidity",
        "createRules": {
          "MAJOR": {
            "condition": {
              "condition": [
                {
                  "key": {
                    "type": "ATTRIBUTE",
                    "key": "humidityAlarmFlag"
                  },
                  "valueType": "BOOLEAN",
                  "value": null,
                  "predicate": {
                    "type": "BOOLEAN",
                    "operation": "EQUAL",
                    "value": {
                      "defaultValue": true,
                      "userValue": null,
                      "dynamicValue": null
                    }
                  }
                },
                {
                  "key": {
                    "type": "TIME_SERIES",
                    "key": "humidity"
                  },
                  "valueType": "NUMERIC",
                  "value": null,
                  "predicate": {
                    "type": "NUMERIC",
                    "operation": "LESS",
                    "value": {
                      "defaultValue": 45,
                      "userValue": null,
                      "dynamicValue": {
                        "sourceType": "CURRENT_DEVICE",
                        "sourceAttribute": "humidityAlarmThreshold",
                        "inherit": false
                      }
                    }
                  }
                }
              ],
              "spec": {
                "type": "SIMPLE"
              }
            },
            "schedule": null,
            "alarmDetails": "Current humidity = ${humidity}",
            "dashboardId": null
          }
        },
        "clearRule": null,
        "propagate": false,
        "propagateToOwner": false,
        "propagateToOwnerHierarchy": false,
        "propagateToTenant": false,
        "propagateRelationTypes": null
      }
    ]
  },
  "provisionDeviceKey": "fnovgku2dipfvhxvmadp",
  "firmwareId": null,
  "softwareId": null,
  "defaultEdgeRuleChainId": {
    "entityType": "RULE_CHAIN",
    "id": "3c724e10-a607-11ee-9db5-1fb69bbe078f"
  },
  "externalId": null,
  "default": false
}